date,hearing_AL,hearing_AK,hearing_AZ,hearing_AR,hearing_CA,hearing_CO,hearing_CT,hearing_DE,hearing_FL,hearing_GA,hearing_HI,hearing_ID,hearing_IL,hearing_IN,hearing_IA,hearing_KS,hearing_KY,hearing_LA,hearing_ME,hearing_MD,hearing_MA,hearing_MI,hearing_MN,hearing_MS,hearing_MO,hearing_MT,hearing_NE,hearing_NV,hearing_NH,hearing_NJ,hearing_NM,hearing_NY,hearing_NC,hearing_ND,hearing_OH,hearing_OK,hearing_OR,hearing_PA,hearing_RI,hearing_SC,hearing_SD,hearing_TN,hearing_TX,hearing_UT,hearing_VT,hearing_VA,hearing_WA,hearing_WV,hearing_WI,hearing_WY,hearing_DC,hearing loss_AL,hearing loss_AK,hearing loss_AZ,hearing loss_AR,hearing loss_CA,hearing loss_CO,hearing loss_CT,hearing loss_DE,hearing loss_FL,hearing loss_GA,hearing loss_HI,hearing loss_ID,hearing loss_IL,hearing loss_IN,hearing loss_IA,hearing loss_KS,hearing loss_KY,hearing loss_LA,hearing loss_ME,hearing loss_MD,hearing loss_MA,hearing loss_MI,hearing loss_MN,hearing loss_MS,hearing loss_MO,hearing loss_MT,hearing loss_NE,hearing loss_NV,hearing loss_NH,hearing loss_NJ,hearing loss_NM,hearing loss_NY,hearing loss_NC,hearing loss_ND,hearing loss_OH,hearing loss_OK,hearing loss_OR,hearing loss_PA,hearing loss_RI,hearing loss_SC,hearing loss_SD,hearing loss_TN,hearing loss_TX,hearing loss_UT,hearing loss_VT,hearing loss_VA,hearing loss_WA,hearing loss_WV,hearing loss_WI,hearing loss_WY,hearing loss_DC,hearing test_AL,hearing test_AK,hearing test_AZ,hearing test_AR,hearing test_CA,hearing test_CO,hearing test_CT,hearing test_DE,hearing test_FL,hearing test_GA,hearing test_HI,hearing test_ID,hearing test_IL,hearing test_IN,hearing test_IA,hearing test_KS,hearing test_KY,hearing test_LA,hearing test_ME,hearing test_MD,hearing test_MA,hearing test_MI,hearing test_MN,hearing test_MS,hearing test_MO,hearing test_MT,hearing test_NE,hearing test_NV,hearing test_NH,hearing test_NJ,hearing test_NM,hearing test_NY,hearing test_NC,hearing test_ND,hearing test_OH,hearing test_OK,hearing test_OR,hearing test_PA,hearing test_RI,hearing test_SC,hearing test_SD,hearing test_TN,hearing test_TX,hearing test_UT,hearing test_VT,hearing test_VA,hearing test_WA,hearing test_WV,hearing test_WI,hearing test_WY,hearing test_DC
2021-09-15,64,19,56,35,79,53,49,56,83,78,75,24,45,30,24,47,41,52,0,62,54,54,91,25,66,40,0,16,55,57,44,72,56,0,72,49,64,57,28,55,0,57,71,92,0,42,54,29,28,0,30,0,0,61,0,24,0,0,35,84,34,76,37,32,0,0,21,0,47,0,0,0,0,0,0,0,100,0,0,0,0,44,43,16,38,0,0,0,0,0,0,0,22,0,0,0,0,0,0,0,0,0,0,0,32,0,58,50,0,0,0,0,0,0,0,0,0,0,0,0,0,0,0,0,27,0,0,0,0,0,0,41,35,0,0,56,0,0,0,0,0,0,0,0,0,0,0,0,100,97,0,0,0
2021-09-16,39,39,55,0,81,63,50,45,68,75,0,18,63,70,0,40,33,23,0,63,52,72,35,26,100,0,37,13,0,61,22,60,48,61,34,38,40,72,24,41,0,100,77,100,0,47,68,0,38,0,0,0,0,0,0,34,0,0,14,56,0,0,0,58,0,0,34,0,0,0,61,27,26,0,0,33,0,0,18,0,0,0,47,0,0,35,100,0,0,0,0,0,36,100,0,0,0,0,0,0,0,0,31,0,0,0,35,0,0,96,0,26,0,0,0,0,0,0,0,0,100,0,0,0,19,0,0,0,43,0,0,68,0,0,0,31,0,57,0,0,0,0,0,32,32,0,0,31,0,0,0,40,0
2021-09-17,61,0,56,0,78,48,31,27,61,53,100,50,95,26,51,57,44,27,24,58,44,78,43,14,67,100,20,16,46,52,57,59,69,31,37,32,13,76,36,74,0,58,59,62,0,57,81,0,48,0,0,0,0,0,43,36,44,50,0,51,0,0,0,27,0,0,0,0,33,46,0,0,39,0,0,42,0,0,0,0,31,0,29,0,0,28,0,0,0,0,53,0,25,62,0,61,24,35,0,0,0,0,0,0,0,0,0,0,0,0,71,0,25,0,100,0,58,0,73,35,0,0,0,0,25,0,0,37,0,72,0,0,0,0,0,0,0,0,0,62,0,0,0,62,0,73,0,75,72,60,0,0,0
2021-09-18,0,41,47,28,53,49,35,0,50,40,0,0,60,46,21,36,21,55,21,42,51,41,13,22,0,23,0,0,64,56,68,48,51,0,45,13,37,64,0,0,0,44,51,58,37,18,52,0,44,0,0,0,45,0,0,48,0,67,57,0,0,0,0,31,0,0,0,0,75,77,37,0,0,0,0,45,24,0,23,0,0,49,32,0,0,42,0,0,30,0,0,0,0,0,0,0,31,0,0,0,0,0,34,0,100,0,63,0,0,0,0,50,0,35,0,36,0,0,0,0,0,91,0,0,0,0,41,45,0,100,0,0,70,0,0,0,0,0,100,0,0,0,0,0,0,0,0,0,72,0,100,0,37
2021-09-19,45,43,66,0,53,65,25,0,54,44,0,0,46,41,0,0,18,61,0,37,17,49,41,23,27,0,0,23,31,61,32,31,58,0,42,25,34,48,0,17,0,16,48,31,0,27,44,0,53,0,0,0,0,48,0,67,0,0,0,32,29,0,0,25,0,0,0,27,0,0,0,0,35,29,0,0,0,0,23,0,0,33,52,25,0,0,0,0,0,0,0,0,68,38,68,0,33,66,48,100,74,0,0,43,0,46,0,100,0,0,0,0,0,0,0,0,0,0,0,0,0,19,19,0,0,0,0,0,0,0,0,0,0,0,32,75,0,0,0,0,0,0,69,0,0,0,100,0,0,0,65,0,0
2021-09-20,0,27,73,0,67,100,60,0,82,80,0,33,59,39,37,66,52,59,43,47,52,82,89,50,41,31,48,40,63,66,18,50,52,0,66,41,57,74,0,70,43,53,61,80,17,96,32,68,47,0,0,0,0,0,0,29,0,0,0,53,0,0,0,0,0,0,0,0,0,100,36,0,44,47,0,0,0,17,0,41,38,0,0,0,0,0,0,0,54,0,0,24,0,27,0,0,33,77,0,0,0,0,45,48,0,74,39,0,0,0,0,39,0,18,0,0,42,35,0,0,0,0,19,0,0,0,0,0,0,0,0,51,0,0,0,0,0,0,0,0,0,0,100,0,40,28,83,0,0,0,0,0,0
2021-09-21,44,0,31,0,76,54,27,0,80,57,0,60,92,57,0,49,29,40,100,45,52,41,100,39,24,0,65,38,33,52,93,62,58,50,59,14,58,82,0,85,0,62,90,0,0,43,80,33,54,14,0,0,29,0,0,32,0,0,0,21,24,0,0,0,0,0,0,24,0,0,0,0,0,0,0,0,0,32,0,0,0,0,44,0,0,0,0,0,0,100,28,0,0,84,0,0,59,32,0,0,0,0,0,0,33,0,0,49,0,0,61,0,0,0,0,52,0,0,0,0,0,0,23,0,0,0,16,0,0,0,0,0,0,42,26,0,68,0,0,28,0,0,0,0,56,0,0,0,0,59,74,0,0
2021-09-22,93,0,75,52,86,59,59,46,73,89,0,0,65,69,66,96,0,36,33,93,41,44,53,29,46,0,53,53,48,67,65,99,55,0,71,48,22,78,0,81,55,59,55,34,0,70,45,61,72,0,0,0,0,100,0,19,0,20,36,49,100,0,44,53,0,41,0,0,0,0,0,34,0,32,48,27,31,0,0,0,0,0,58,0,39,0,0,0,18,0,51,0,0,50,39,0,0,29,0,78,0,0,0,0,0,0,0,0,65,0,0,0,0,0,0,29,0,0,0,0,0,0,0,0,33,0,0,0,0,0,71,67,0,53,0,33,23,74,41,0,100,0,0,0,42,0,0,0,0,0,0,0,0
2021-09-23,37,0,74,64,76,26,43,100,62,74,0,0,85,84,15,70,44,61,20,71,21,67,66,14,54,59,46,29,76,66,0,57,49,0,62,68,59,70,0,94,0,32,88,39,0,55,57,64,61,36,31,0,72,0,0,0,0,31,0,41,24,0,0,0,0,0,0,0,39,0,0,0,100,0,0,23,0,41,0,0,25,0,41,24,0,0,0,0,35,0,0,32,0,0,0,64,24,0,0,78,0,0,0,33,74,0,0,0,0,0,0,0,0,0,0,0,0,58,0,0,0,0,32,24,0,0,0,0,40,0,0,0,64,32,0,0,0,0,0,57,0,53,0,0,31,0,0,53,0,0,39,0,0
2021-09-24,93,0,35,29,84,48,40,0,67,82,0,47,36,96,25,34,29,0,32,75,53,90,36,76,0,0,28,27,0,31,35,56,45,39,63,35,40,60,39,25,0,59,72,58,0,65,49,0,35,0,0,30,0,0,0,53,0,0,31,31,63,0,0,0,0,54,0,24,0,0,33,0,0,28,79,0,39,0,19,91,0,0,25,14,0,0,0,36,0,76,49,0,0,30,0,0,0,0,0,0,0,0,0,0,0,0,26,0,29,0,0,0,23,22,81,0,89,0,0,0,0,0,15,0,61,0,0,49,0,0,0,100,0,38,0,0,0,0,0,41,0,51,0,0,36,0,98,0,0,0,0,0,0
2021-09-25,43,0,60,0,58,42,35,0,56,34,48,0,53,42,19,84,47,29,0,39,42,28,37,0,69,67,0,47,51,58,0,36,43,0,56,14,44,24,23,39,0,54,51,28,0,33,39,0,0,0,0,0,58,0,0,26,0,0,0,0,69,0,0,33,0,0,0,0,0,0,0,45,0,0,31,24,0,0,23,0,0,0,0,15,0,0,0,30,0,0,0,54,49,0,0,0,0,0,0,0,41,0,0,30,0,0,29,0,20,0,0,0,89,24,65,0,0,0,0,0,0,0,0,0,0,36,0,0,0,0,0,51,0,64,0,0,0,0,49,0,74,50,0,0,0,0,0,0,74,56,0,0,0
2021-09-26,26,0,40,17,58,28,16,52,54,33,0,50,30,74,26,57,45,54,18,50,22,22,32,16,25,33,100,24,32,32,0,43,78,0,38,23,24,57,0,45,0,47,32,33,0,38,39,52,27,0,0,0,0,95,0,0,0,0,0,38,0,34,0,0,25,38,0,61,100,0,35,52,0,0,0,22,0,0,0,0,23,0,0,0,0,59,0,31,0,0,21,0,0,0,0,42,0,95,0,0,0,0,0,0,0,0,62,0,23,0,0,97,0,0,0,100,0,0,0,55,0,0,0,0,0,0,0,0,0,0,0,0,30,0,0,0,0,42,0,100,0,100,0,0,0,0,0,0,0,0,0,0,0
2021-09-27,94,0,46,47,74,44,52,31,93,68,38,19,67,76,51,44,38,38,0,85,50,49,77,0,33,20,78,13,45,59,26,55,56,0,43,12,36,72,100,63,0,45,74,89,0,58,100,0,23,0,0,0,0,0,30,53,0,0,0,0,23,0,0,0,29,0,100,61,32,0,60,36,0,0,38,53,0,0,100,0,0,0,17,0,0,39,0,39,20,67,0,0,54,26,33,0,27,0,0,0,50,0,0,0,0,0,25,21,0,0,24,30,0,68,0,0,0,0,0,0,0,100,0,0,0,0,18,0,0,0,0,0,0,57,0,81,100,0,0,0,0,0,0,0,0,0,0,48,0,0,0,0,0
2021-09-28,40,0,83,27,85,66,43,88,88,63,0,42,80,62,55,76,81,42,41,78,83,68,67,14,68,0,44,18,69,42,0,52,62,0,71,31,35,62,0,42,41,60,92,63,0,65,32,20,59,0,50,0,0,40,0,16,0,0,30,76,0,0,0,27,0,0,0,0,0,72,33,0,0,100,0,0,0,22,0,0,0,0,45,0,41,32,48,0,0,0,0,0,42,32,0,0,0,46,46,0,100,0,29,0,0,0,37,0,22,0,0,0,0,0,0,0,0,0,0,74,0,0,0,29,0,0,15,0,0,0,0,0,0,0,0,0,0,0,0,0,0,0,0,0,42,0,0,0,99,0,0,0,0
2021-09-29,55,0,100,29,100,71,90,0,97,92,49,31,89,73,74,18,93,83,49,54,42,62,87,0,46,0,26,28,39,73,36,100,62,39,100,18,30,78,0,72,0,22,100,66,0,48,72,0,72,37,90,0,0,0,0,0,0,0,0,77,0,0,0,28,0,0,0,25,0,0,0,100,0,0,0,27,0,20,0,0,0,0,33,32,0,28,0,31,0,0,0,0,0,51,0,37,0,29,0,35,0,0,0,0,0,0,43,0,61,0,0,0,0,24,0,0,0,0,0,0,0,0,0,0,0,0,0,0,0,0,0,0,0,35,63,0,0,80,0,25,0,0,0,0,0,0,0,0,0,0,0,0,42
2021-09-30,46,0,92,39,90,72,56,53,76,94,41,0,83,64,31,27,52,65,70,52,39,51,97,45,69,0,35,100,34,73,65,54,65,100,47,50,52,83,22,32,0,58,81,34,24,69,63,29,51,0,48,0,0,0,0,70,45,49,0,20,0,0,0,0,0,0,40,0,70,0,0,36,27,0,0,44,0,0,0,0,43,0,48,34,29,0,0,0,17,0,0,0,0,27,0,0,0,82,0,0,0,0,0,0,0,0,0,0,0,0,0,57,0,0,0,54,0,0,0,0,0,34,0,28,48,0,0,0,0,0,0,0,0,91,0,0,26,0,34,0,0,0,0,53,0,0,0,0,0,0,0,0,0
2021-10-01,66,75,43,23,83,61,39,0,92,70,0,0,63,34,0,100,35,66,0,78,63,72,44,51,74,89,26,24,79,88,60,69,69,0,58,36,51,85,36,44,0,42,67,39,0,49,51,0,0,16,35,0,37,36,0,47,0,0,0,37,0,0,0,56,0,0,0,0,0,0,0,35,42,0,0,0,0,0,26,0,0,46,19,0,0,86,24,0,24,68,24,0,0,46,0,0,100,39,0,28,0,0,0,0,0,0,48,47,0,0,0,39,0,0,0,0,0,0,0,0,0,25,0,0,0,0,0,0,0,0,0,82,0,38,0,0,0,0,0,26,81,0,0,0,0,92,0,43,53,0,0,0,0
2021-10-02,27,0,53,0,53,38,49,0,55,36,0,26,63,27,68,0,0,22,0,53,82,40,45,26,69,45,26,23,0,60,0,44,34,0,38,23,42,47,0,100,0,34,52,33,0,56,47,0,51,0,0,0,0,0,0,0,87,0,0,0,48,0,0,0,0,35,0,100,79,81,28,0,0,52,0,0,47,28,0,0,0,54,0,0,0,24,0,0,56,0,22,0,0,21,0,0,45,0,0,94,0,0,0,0,0,0,0,0,0,0,44,0,0,0,0,35,0,0,0,0,0,0,100,15,0,0,0,0,50,0,0,0,0,0,0,0,39,0,0,38,0,0,0,0,0,0,0,0,0,0,0,0,47
2021-10-03,0,0,37,20,57,26,81,0,45,65,51,32,45,13,27,0,29,0,0,34,48,44,18,19,22,36,37,28,0,45,0,50,43,0,47,0,17,69,0,0,0,54,57,22,18,38,24,39,25,21,0,0,0,0,0,23,0,0,0,0,0,0,58,23,0,0,0,0,0,0,35,0,0,0,0,0,0,0,54,0,0,0,38,14,0,37,38,0,55,0,23,0,0,0,0,0,66,85,0,0,0,0,0,0,0,0,0,0,0,0,0,0,21,0,0,0,0,83,0,0,0,31,0,26,0,0,16,0,0,99,40,0,0,0,0,0,0,0,0,0,38,0,0,45,0,0,0,65,0,0,0,0,45
2021-10-04,53,0,53,25,87,44,60,54,83,69,0,40,97,52,35,0,30,59,0,82,49,59,67,35,39,44,63,32,65,49,47,47,63,27,71,38,100,62,0,77,0,55,88,85,0,59,73,51,73,0,26,0,0,0,0,38,0,0,20,48,41,0,50,32,0,100,0,0,39,0,34,0,0,0,0,0,36,0,18,0,0,33,37,25,20,0,30,0,28,0,0,0,0,14,0,0,0,28,0,0,0,0,0,0,0,0,64,0,26,0,0,0,0,0,0,0,0,0,47,0,0,0,0,14,0,0,0,0,100,0,0,0,0,0,64,0,0,40,0,0,0,0,0,0,0,0,0,44,0,0,0,0,0
2021-10-05,41,0,40,56,72,59,46,50,84,97,46,0,73,80,55,77,85,74,26,78,62,64,80,44,44,38,84,25,85,100,44,69,79,0,94,25,38,93,66,52,0,58,85,25,42,81,18,52,81,0,59,0,0,47,55,40,49,27,0,40,0,73,0,21,0,0,0,0,0,0,100,0,54,71,0,34,0,0,63,0,33,54,28,91,0,46,28,0,0,40,21,0,0,40,0,0,0,0,0,0,77,0,55,0,0,0,33,0,0,0,28,0,0,0,47,0,0,0,0,36,0,19,0,0,0,0,0,0,0,45,0,0,0,0,0,59,29,0,0,0,0,0,0,0,0,36,0,35,27,0,0,0,0
2021-10-06,29,33,64,45,85,68,23,0,80,78,29,23,61,68,71,36,46,66,0,60,61,76,79,60,47,23,44,27,96,62,43,84,83,0,82,41,53,70,0,54,0,41,89,41,0,60,45,31,44,23,45,64,36,58,0,34,0,0,0,22,0,0,0,26,0,37,0,0,0,44,0,0,69,0,27,0,0,0,0,0,0,0,54,0,0,50,49,0,0,0,40,0,36,36,0,0,0,100,52,77,0,100,36,0,0,0,53,0,0,0,0,0,0,57,0,0,0,0,0,0,0,0,0,17,0,0,0,0,0,0,0,39,0,23,0,35,0,0,0,42,0,0,0,0,0,0,0,0,33,0,0,0,0
2021-10-07,25,33,82,39,67,65,26,47,81,48,0,0,70,73,86,61,57,46,55,48,41,84,41,15,58,27,0,79,28,59,31,64,47,100,53,23,43,66,59,95,41,43,80,61,0,45,52,43,44,13,99,0,57,0,0,61,32,21,0,22,63,0,58,0,0,0,0,0,0,0,0,52,48,0,0,24,0,0,0,0,35,0,53,0,0,46,23,0,28,68,0,0,0,34,0,75,0,33,41,0,0,0,51,0,0,0,26,0,0,81,35,33,0,0,32,0,0,0,0,0,47,0,13,21,0,0,0,0,0,0,0,98,0,30,0,100,32,47,0,0,0,0,71,38,0,27,0,48,23,0,0,0,0
2021-10-08,47,0,26,61,70,57,16,77,90,81,0,0,66,33,34,64,94,34,0,75,51,58,54,13,46,26,0,38,83,72,99,87,70,0,52,16,63,67,19,48,98,35,62,39,0,72,37,47,44,15,0,26,0,49,0,99,0,0,0,32,0,0,40,0,28,0,35,0,0,0,0,77,0,0,0,0,0,0,0,50,0,0,52,0,0,49,0,100,0,0,29,0,45,68,35,0,69,0,0,0,48,0,47,0,0,52,0,22,0,0,0,0,0,33,87,0,0,0,0,0,0,0,0,38,0,0,53,0,0,0,37,0,0,73,0,0,0,0,0,28,0,0,0,0,0,0,0,0,0,41,69,39,0
2021-10-09,0,0,47,0,56,51,0,42,48,44,0,41,49,43,0,0,62,40,0,51,45,35,14,23,54,0,0,16,0,17,67,35,44,0,29,21,30,51,0,40,0,33,49,39,0,42,36,0,22,19,38,0,0,0,0,57,0,0,0,28,54,0,0,43,0,0,0,0,0,0,0,0,0,0,41,0,0,0,0,0,0,0,16,0,0,0,0,0,23,0,31,0,25,0,0,0,0,40,0,38,33,42,0,0,0,0,0,0,0,0,0,0,0,0,0,0,0,0,0,0,0,0,0,0,0,0,18,0,0,0,0,0,0,98,0,0,43,52,0,45,0,0,0,50,0,0,0,61,0,0,0,0,0
2021-10-10,38,52,28,15,49,45,23,32,39,26,31,0,44,34,40,27,40,49,0,65,49,82,0,19,24,0,0,0,38,60,0,32,41,0,45,20,36,66,0,31,65,38,65,24,0,37,30,54,51,0,0,35,31,0,0,22,0,0,0,0,21,0,0,46,0,0,0,0,0,0,49,0,0,38,36,0,35,0,0,0,0,0,45,0,39,0,0,0,17,70,0,0,33,0,0,0,0,0,0,0,0,0,0,0,90,0,0,23,28,100,31,0,0,0,0,0,47,0,0,0,76,68,15,56,0,100,0,0,0,0,0,0,0,0,0,0,0,84,0,0,0,0,0,0,0,0,82,0,24,51,0,0,0
2021-10-11,41,0,45,27,69,72,42,41,76,81,36,0,72,51,46,41,18,40,0,28,63,71,52,0,22,56,99,38,0,53,33,58,49,0,69,13,29,55,25,50,28,58,72,57,38,32,40,24,57,21,0,100,100,0,0,39,0,28,0,22,0,0,0,0,0,0,25,0,0,29,0,0,41,51,0,0,20,0,0,100,0,0,34,0,0,0,0,0,0,0,71,53,0,55,0,0,33,0,0,0,0,0,0,0,0,0,44,24,0,66,0,0,0,100,0,0,38,0,0,0,0,48,0,0,0,0,0,0,0,0,0,0,0,35,0,46,0,0,45,0,0,0,0,0,47,0,0,0,0,0,0,0,0
2021-10-12,61,25,31,22,72,71,58,0,88,73,0,19,68,60,33,27,22,71,19,62,61,52,69,0,46,0,0,43,53,84,31,60,61,24,79,18,61,98,0,66,32,66,72,45,0,57,51,0,72,15,17,38,0,0,0,32,0,42,0,0,50,100,63,0,31,0,0,0,0,34,40,0,0,0,0,0,0,23,0,0,42,0,42,16,23,0,0,0,39,0,0,0,0,58,0,0,45,75,0,0,0,28,0,0,72,0,27,0,0,0,0,0,0,0,0,0,0,0,0,0,0,0,0,0,0,0,0,0,0,0,0,0,40,0,0,30,35,0,0,0,0,0,44,0,52,0,0,0,0,57,0,77,0
2021-10-13,25,0,90,45,78,46,64,42,76,62,0,40,60,71,62,23,0,66,52,61,58,72,0,32,9,40,63,51,53,20,25,68,64,22,58,0,27,77,0,53,28,49,66,0,29,69,54,23,39,0,29,34,0,0,0,44,100,0,0,31,0,0,0,60,0,0,0,0,48,0,0,46,26,0,0,34,0,0,0,91,25,31,26,0,0,0,32,0,100,0,61,0,0,44,0,65,0,62,0,38,0,36,0,0,0,31,0,0,0,0,0,0,28,0,0,0,0,0,0,0,0,0,14,0,0,0,0,58,0,0,0,0,0,44,0,0,43,100,0,0,0,0,52,78,54,0,0,0,31,0,0,0,0
2021-10-14,54,0,82,72,89,71,32,0,80,86,0,43,85,96,55,38,44,70,50,40,56,21,42,20,51,0,61,40,78,74,27,67,52,23,70,31,34,81,0,37,30,38,81,20,0,46,61,52,60,20,38,65,28,0,100,69,100,0,0,31,0,0,0,30,0,0,0,36,0,0,0,0,0,0,0,0,0,0,16,90,87,0,55,0,0,0,0,0,27,0,0,0,0,0,0,0,42,0,0,0,0,39,25,42,0,0,0,0,0,0,0,0,0,0,0,0,0,0,0,0,0,0,0,18,0,0,0,0,0,0,0,0,0,34,0,0,0,0,0,26,0,59,0,0,25,0,70,0,0,0,0,0,0
2021-10-15,63,0,54,57,71,37,50,34,62,60,0,0,95,20,41,42,26,23,0,83,27,55,62,77,32,0,52,55,34,43,51,54,47,0,50,21,39,59,0,28,0,56,75,44,0,32,39,27,53,0,0,26,0,30,33,0,0,0,16,41,30,0,100,44,0,0,29,55,0,32,32,74,0,27,0,0,0,34,0,0,48,0,56,0,0,0,0,24,46,85,0,31,0,0,100,0,96,60,41,0,0,0,0,0,58,28,0,0,0,61,26,0,0,0,0,0,0,0,0,0,37,23,0,0,27,18,56,0,0,0,58,0,0,31,0,0,25,0,0,0,0,0,0,0,0,0,0,0,0,0,0,47,0
2021-10-16,31,0,83,0,59,24,34,28,57,27,0,0,57,20,47,33,47,0,0,47,44,63,60,0,28,0,0,26,0,46,36,34,39,0,55,14,28,39,0,15,0,12,47,0,0,28,32,0,20,0,17,36,0,0,0,35,40,35,0,54,48,0,0,0,0,35,0,50,0,0,0,0,0,41,0,23,46,0,0,0,0,0,40,0,0,41,0,37,0,0,0,40,0,0,0,0,35,0,50,0,65,0,0,0,64,43,61,0,0,0,0,0,0,0,0,0,0,0,0,0,0,0,0,18,0,44,0,0,0,75,0,0,0,43,70,0,0,0,32,0,0,0,0,0,29,0,0,0,0,0,0,87,0
2021-10-17,47,0,45,31,56,35,33,0,56,53,0,37,62,65,19,35,16,0,0,69,100,37,21,28,15,0,33,23,27,52,22,45,32,0,49,10,19,56,18,0,0,29,37,28,0,54,14,0,32,0,0,0,0,0,83,39,0,0,0,46,0,0,0,50,100,0,0,0,0,0,0,0,0,0,0,0,32,0,0,0,58,0,43,0,0,0,0,0,0,0,100,0,0,25,0,0,0,0,0,0,0,0,0,0,0,0,0,0,39,0,0,0,0,0,37,0,0,0,0,0,0,0,0,0,0,0,0,0,0,0,0,0,0,0,100,0,0,0,0,0,0,0,0,0,0,0,0,0,0,0,0,0,0
2021-10-18,36,0,48,44,93,68,33,0,71,98,38,27,66,11,44,56,53,100,0,73,47,42,55,32,67,0,64,0,0,68,88,59,65,22,70,27,47,61,19,59,47,58,72,32,23,44,54,0,33,0,33,0,0,0,60,32,0,0,0,0,0,0,0,20,0,64,0,0,0,0,36,0,0,0,0,0,0,0,0,0,0,0,14,23,0,0,0,0,27,0,0,0,27,21,0,0,44,0,0,0,0,0,0,0,0,0,73,0,0,0,0,0,0,31,0,0,48,0,0,0,0,43,43,0,0,0,39,0,0,56,0,0,25,73,0,0,0,37,0,0,0,0,44,72,0,0,0,31,0,0,0,0,0
2021-10-19,64,0,83,61,90,63,60,45,61,84,41,24,64,64,0,40,71,57,40,68,48,83,87,0,0,56,29,24,28,72,0,61,68,0,77,29,74,91,46,76,0,40,77,49,0,70,42,33,50,17,36,85,27,0,0,31,0,0,28,30,29,49,0,40,0,25,0,61,0,62,36,0,54,79,0,0,0,0,0,0,0,0,29,18,0,22,0,0,20,84,49,22,0,66,30,26,52,32,0,0,0,0,0,0,0,0,0,0,20,0,25,0,0,0,72,0,0,0,0,0,0,38,0,0,0,0,21,0,0,0,0,0,0,44,0,0,36,0,0,62,77,84,0,51,33,0,0,0,0,100,0,0,0
2021-10-20,52,0,90,42,64,45,44,0,78,72,57,64,98,50,55,0,30,14,25,95,51,66,82,0,26,0,62,28,46,87,36,84,100,28,55,40,30,84,0,94,27,72,72,45,0,45,59,0,100,25,52,43,0,0,38,18,0,0,0,38,0,0,0,38,0,0,0,0,69,0,31,43,64,0,0,0,0,0,35,0,0,53,89,18,0,0,99,76,0,0,0,0,0,17,99,0,68,0,0,44,0,0,0,0,0,0,41,0,0,51,0,32,35,0,0,0,0,0,35,0,0,0,17,24,35,0,0,0,0,60,0,0,0,41,0,0,0,0,43,59,0,0,0,31,0,0,0,0,31,0,0,0,56
2021-10-21,39,29,37,19,80,37,63,0,83,70,0,0,81,47,46,23,31,13,81,39,50,74,58,25,29,0,56,34,43,48,53,78,65,45,65,46,72,84,0,35,0,97,89,51,0,65,72,37,41,0,57,76,0,0,0,16,0,0,0,72,0,51,0,34,0,0,0,0,0,0,0,0,0,0,41,0,22,0,0,0,27,0,27,35,0,36,0,0,0,72,0,0,0,30,0,0,0,63,51,0,0,0,0,0,46,0,0,46,0,0,0,0,0,0,0,0,0,45,0,0,0,0,15,0,67,0,0,0,0,0,53,0,0,36,0,0,0,0,0,0,0,69,0,0,0,100,0,35,0,0,0,0,0
2021-10-22,46,28,73,0,65,25,92,0,82,60,0,36,92,55,0,53,100,37,48,100,65,62,62,23,37,0,42,0,36,80,0,52,62,0,61,24,49,63,29,37,0,32,72,47,100,100,33,27,59,0,14,0,0,0,0,43,0,28,47,77,19,60,0,0,0,0,0,26,0,0,34,38,57,0,0,46,0,0,28,0,0,0,18,0,0,42,0,0,0,0,36,0,0,37,0,0,0,63,0,63,0,0,0,0,0,0,0,0,0,0,68,0,0,0,48,0,0,100,0,45,0,43,18,0,0,0,0,0,0,40,0,47,0,0,0,0,0,0,0,0,60,0,0,62,0,0,0,0,0,0,0,0,0
2021-10-23,36,0,38,44,54,34,57,73,59,69,20,22,52,57,0,23,31,23,0,45,55,51,0,19,26,0,59,0,32,79,0,35,44,55,45,18,16,41,0,20,0,31,45,28,0,40,47,0,34,0,0,0,0,0,0,40,0,0,0,0,72,0,0,0,36,29,0,0,0,54,0,0,0,0,0,0,0,0,0,0,67,86,56,20,44,73,0,68,0,52,0,0,0,17,0,0,0,41,0,0,0,0,0,0,0,0,0,0,0,80,26,0,39,0,0,37,0,0,0,0,0,0,0,0,100,0,0,0,63,0,0,0,0,61,0,0,0,0,0,0,0,0,0,0,0,0,0,87,0,0,66,50,0
2021-10-24,28,0,74,18,51,18,64,46,63,53,0,96,54,43,0,58,72,69,0,32,50,44,59,15,25,0,0,22,0,51,55,52,55,27,57,27,59,37,0,60,46,42,49,18,0,39,22,23,35,0,0,51,0,49,0,52,0,0,0,36,34,0,0,0,35,0,0,0,0,0,0,85,0,0,0,0,0,0,0,0,0,0,100,14,28,42,0,0,25,0,0,0,0,24,45,0,0,0,0,0,0,0,0,0,0,0,23,50,0,0,0,100,0,0,0,0,0,0,0,100,0,0,0,0,0,0,0,0,0,0,0,0,0,63,0,0,0,0,0,57,0,0,0,0,0,0,0,0,0,0,0,0,0
2021-10-25,47,0,23,35,73,65,100,0,84,91,32,0,87,18,26,46,97,44,23,51,52,81,48,0,60,0,49,57,91,60,0,44,47,0,89,12,40,64,24,43,0,36,75,41,17,40,63,30,55,42,0,41,0,0,0,32,33,0,0,21,63,50,0,0,0,0,0,43,0,0,0,0,0,0,78,49,0,0,0,88,0,0,24,0,29,74,0,0,0,0,0,0,0,45,0,0,0,45,0,0,0,0,0,0,0,0,23,0,46,0,0,0,0,0,35,0,0,0,35,0,0,0,0,0,85,0,0,0,0,48,0,0,0,43,0,0,47,69,0,0,0,0,0,0,0,0,0,0,0,0,0,0,22
2021-10-26,25,21,82,0,77,48,41,0,72,64,0,100,92,100,30,50,37,52,18,76,50,94,45,100,39,0,43,34,39,43,0,57,58,0,75,42,34,85,26,47,0,33,79,61,0,74,51,0,76,0,76,0,0,0,0,50,0,0,31,30,41,0,0,37,0,30,0,0,32,0,54,0,0,0,0,0,50,0,0,0,29,61,18,0,22,20,0,0,18,0,94,0,25,37,29,26,27,75,0,67,0,0,0,0,0,0,0,28,37,0,0,36,0,37,31,0,55,0,0,0,0,0,0,0,0,0,0,0,34,90,48,0,0,0,0,0,27,0,0,0,0,0,99,0,46,0,0,100,0,86,58,52,100
2021-10-27,32,0,74,44,91,68,0,44,68,100,18,0,78,58,29,51,28,38,43,54,40,76,46,0,59,0,0,55,65,47,79,82,72,0,55,26,0,100,0,46,0,56,69,0,0,62,43,55,13,0,64,0,0,0,0,0,0,42,100,44,39,0,0,0,0,0,0,54,0,0,0,0,29,0,0,38,0,0,15,0,0,0,40,0,20,0,0,0,0,32,0,0,0,35,0,100,0,0,73,0,37,0,0,0,0,34,0,0,0,0,0,0,0,0,0,0,0,0,48,0,0,19,0,31,0,0,51,100,0,0,0,0,0,28,0,0,34,0,0,0,0,0,0,0,47,0,0,0,32,74,0,0,0
2021-10-28,43,59,59,41,92,79,42,0,83,50,0,0,81,61,100,37,33,72,25,49,46,100,80,45,59,21,64,29,37,51,45,66,73,26,77,33,64,53,22,44,32,60,77,55,0,54,39,0,62,0,100,0,0,0,0,52,0,0,0,0,33,29,51,0,42,0,0,0,28,0,0,0,0,0,0,0,0,21,0,0,0,0,0,20,100,0,0,0,0,72,23,0,0,54,79,0,0,0,32,40,0,0,21,0,74,0,24,0,0,0,60,0,0,0,0,0,0,0,0,0,0,0,0,0,0,0,0,0,0,0,100,0,0,55,0,55,0,0,0,0,0,0,0,0,45,0,0,0,0,89,0,0,0
2021-10-29,60,0,76,0,70,65,51,0,83,73,0,39,46,37,26,26,44,46,35,94,39,73,54,0,29,0,72,18,87,34,38,62,52,0,63,28,62,68,0,72,0,61,63,33,0,65,48,43,42,36,40,0,0,0,0,0,44,0,27,0,0,42,57,0,0,0,0,28,71,0,0,38,30,0,0,0,0,0,32,0,0,0,40,34,0,0,0,0,19,0,0,0,0,60,47,0,30,67,0,0,0,0,0,30,54,0,0,0,0,0,0,0,0,50,29,0,64,96,0,0,56,0,0,32,0,0,0,0,37,99,0,0,38,91,0,0,0,0,0,0,95,0,0,0,40,0,0,0,0,0,0,0,0
2021-10-30,51,0,68,0,59,0,24,0,55,41,42,0,33,44,0,32,42,33,0,43,42,39,73,47,47,0,51,15,0,42,48,44,34,38,0,29,0,30,29,53,0,23,53,40,0,39,60,64,53,0,0,0,0,70,47,48,0,51,0,32,0,0,0,42,0,0,0,21,0,66,47,0,0,0,0,0,0,28,0,0,0,0,20,0,0,29,0,0,0,0,0,0,0,44,0,0,0,0,0,0,0,63,29,0,0,89,0,0,32,0,0,43,0,0,0,0,0,0,0,0,0,0,0,23,0,0,0,0,0,0,68,0,0,63,0,0,0,0,0,0,0,0,33,0,0,0,0,0,0,70,0,0,0
2021-10-31,23,0,37,15,54,24,71,0,50,65,48,21,64,28,38,0,79,0,28,43,28,49,39,30,22,34,0,21,70,43,67,32,53,0,31,19,23,36,0,19,0,26,52,68,0,10,0,36,25,0,0,0,0,0,0,43,0,0,0,31,0,0,72,0,52,0,0,29,0,50,0,0,0,0,63,0,44,0,18,0,0,0,0,100,0,0,43,0,46,0,0,0,100,63,68,0,56,62,0,0,44,0,0,0,0,0,29,0,0,0,0,83,0,0,0,0,0,0,0,0,0,21,0,0,0,0,0,0,0,0,0,0,52,0,0,0,0,0,71,0,0,0,0,0,0,0,0,48,0,63,0,0,0
2021-11-01,56,0,44,0,82,51,29,57,79,86,0,37,86,56,64,62,46,46,51,77,60,70,82,36,69,0,19,28,62,96,48,50,67,38,40,100,31,77,36,56,100,72,73,53,0,63,34,42,63,0,39,67,0,64,0,29,0,0,0,0,0,39,0,21,0,0,0,0,0,70,0,42,0,0,0,0,55,0,0,0,100,0,24,30,33,100,0,0,0,0,30,0,33,59,93,0,35,0,0,0,0,0,22,49,0,0,28,0,29,0,0,0,0,0,0,46,0,0,0,0,52,0,41,0,0,30,100,0,0,40,0,72,0,100,0,0,0,76,0,0,0,50,0,0,48,0,57,45,0,0,0,100,0
2021-11-02,40,0,44,42,96,26,63,0,100,64,0,0,71,67,38,43,50,0,0,60,60,35,52,52,47,40,58,15,0,45,0,64,53,25,91,21,36,97,0,58,57,47,74,44,0,46,49,0,53,0,31,0,0,0,0,50,0,0,0,60,53,0,0,0,0,0,0,0,44,0,25,46,58,0,0,0,0,0,47,0,27,0,35,19,0,67,52,0,0,0,0,21,0,19,0,0,89,88,0,52,0,0,100,33,0,33,0,0,0,0,26,0,0,0,0,88,100,0,0,0,0,26,0,100,0,0,31,25,0,0,0,0,0,48,0,46,26,37,0,0,0,66,0,0,0,0,0,0,45,0,0,0,34
2021-11-03,65,0,35,60,78,39,61,36,86,74,0,0,97,57,44,27,52,35,0,49,59,63,100,18,25,28,49,0,0,54,65,65,43,0,80,36,61,46,0,43,33,53,72,18,23,64,28,56,38,21,25,0,0,80,0,44,0,0,0,100,0,0,46,32,24,75,0,0,0,0,25,0,29,0,0,29,0,0,17,62,44,0,42,53,0,0,0,0,29,0,0,100,0,25,42,0,41,0,0,0,0,0,54,0,0,0,100,22,0,0,0,0,18,0,0,0,42,0,100,0,0,0,0,0,0,0,0,0,0,0,0,0,100,35,0,0,0,0,0,24,0,0,0,0,0,0,0,37,0,0,0,0,56
2021-11-04,82,0,37,55,75,64,39,0,80,65,73,53,83,87,33,78,78,94,0,95,76,58,60,31,46,0,58,40,99,87,68,54,55,0,63,26,58,69,38,86,0,77,98,42,42,59,24,0,42,100,25,0,0,0,50,100,0,0,0,36,58,0,0,34,0,0,0,0,0,0,26,43,52,0,37,38,0,0,0,99,54,0,46,0,0,0,0,0,0,0,74,0,41,27,0,0,0,0,0,30,0,0,23,25,0,0,23,0,100,0,100,31,34,22,0,0,0,0,55,43,0,0,0,0,26,19,0,0,0,74,0,0,0,47,0,0,0,0,0,0,0,0,97,0,100,31,0,0,0,0,0,0,0
2021-11-05,55,21,58,100,93,67,49,46,73,64,28,19,100,41,32,72,67,40,22,82,29,32,59,14,32,0,21,33,100,99,57,63,59,0,32,16,31,93,38,12,0,49,76,38,60,46,50,22,36,0,0,0,0,56,0,39,0,0,0,56,0,0,0,44,0,0,0,0,0,0,41,0,0,0,0,0,0,0,0,0,0,46,0,0,0,0,0,0,45,66,0,0,0,62,0,0,26,0,0,30,0,0,0,0,0,45,0,0,0,54,31,0,0,0,0,0,82,0,0,46,0,0,0,0,0,27,0,0,0,0,0,0,0,0,41,0,0,36,0,0,50,0,0,100,34,0,0,0,0,0,0,45,0
2021-11-06,52,0,51,15,58,47,0,0,41,39,0,0,48,25,33,0,28,52,64,36,62,71,28,48,17,52,46,13,0,33,0,43,39,0,41,25,27,24,0,37,0,44,56,19,0,30,48,0,24,0,0,0,0,52,0,79,0,100,0,27,0,0,88,0,44,37,0,0,0,0,0,0,36,0,0,36,0,63,0,0,0,0,27,0,0,23,0,0,0,0,0,0,0,51,0,0,0,98,0,0,33,54,0,0,0,0,50,0,0,0,0,0,100,0,54,0,0,0,0,59,0,0,0,0,0,0,0,0,0,0,0,0,0,0,0,0,0,0,0,0,0,0,0,0,0,0,100,0,0,0,0,0,0
2021-11-07,32,0,44,14,57,0,55,0,58,52,0,0,46,41,21,52,60,32,0,55,48,46,36,19,52,0,0,0,0,56,21,41,31,49,41,22,36,50,20,24,0,63,48,41,48,54,32,100,29,19,0,0,0,0,0,41,31,0,20,0,0,0,0,0,75,0,0,0,0,0,0,32,0,0,0,0,0,0,0,0,0,100,19,0,0,0,0,0,0,90,0,43,0,41,31,0,0,0,49,0,0,0,0,100,0,0,0,0,0,0,0,25,29,0,0,0,0,0,59,0,0,0,0,0,26,0,0,0,0,0,58,0,0,0,0,0,0,0,41,0,67,0,0,0,42,0,0,0,41,40,0,0,0
2021-11-08,100,24,65,67,67,35,50,0,80,65,47,26,82,54,67,0,36,78,82,60,56,61,45,14,55,28,0,21,0,48,100,59,50,28,76,35,58,78,17,49,57,53,70,92,0,70,45,0,51,21,69,0,0,75,0,39,0,63,0,41,34,0,0,0,0,31,0,0,0,0,36,29,0,0,0,0,0,100,36,0,48,0,50,17,31,20,44,0,0,0,0,46,0,27,0,0,0,0,54,0,0,0,0,0,51,0,26,0,0,0,0,34,0,0,84,0,0,0,0,0,92,0,19,0,58,0,0,0,0,47,0,63,52,0,73,0,50,0,0,66,45,55,32,0,0,0,0,0,0,0,0,0,0
2021-11-09,65,37,68,24,85,100,48,0,79,78,23,19,83,83,37,67,42,27,0,23,54,83,67,0,64,46,48,39,43,70,63,58,87,0,56,15,51,61,75,50,73,59,70,30,0,85,57,33,43,14,16,36,44,0,0,49,38,0,0,30,0,0,0,0,34,0,20,43,0,0,27,22,29,0,100,97,0,0,0,0,0,0,33,0,21,0,0,25,32,0,0,0,0,56,83,0,25,63,100,0,0,0,0,0,0,0,0,0,28,0,0,0,0,0,65,0,0,0,0,0,57,23,0,0,0,0,0,0,0,0,0,0,0,0,42,0,67,0,0,0,0,0,0,36,0,68,0,32,27,0,0,0,0
2021-11-10,55,0,83,55,87,76,38,33,90,70,0,49,97,87,75,70,67,61,0,62,48,62,88,15,26,35,0,38,68,37,62,93,57,0,70,40,34,76,26,64,32,68,88,22,0,61,61,28,40,48,15,0,0,41,93,35,0,0,0,25,25,0,0,25,0,0,0,37,0,43,56,0,60,30,0,0,0,19,0,0,32,86,83,16,0,70,33,51,0,0,26,0,0,0,0,0,0,55,0,0,0,0,0,0,0,100,40,0,0,0,0,0,0,0,63,0,0,0,0,40,0,0,22,15,0,0,0,0,0,54,0,0,0,34,0,0,0,0,0,25,0,62,35,0,52,0,98,94,27,56,55,0,0
2021-11-11,28,20,63,15,69,80,42,43,84,83,0,0,47,78,51,0,46,38,18,68,50,56,74,40,52,37,69,13,0,46,57,44,41,0,48,30,40,71,35,41,0,77,54,40,36,52,52,0,63,15,0,0,0,67,0,44,68,0,40,0,32,0,0,100,0,0,0,0,49,0,39,0,76,63,0,100,0,0,50,0,0,0,25,23,0,0,35,0,23,0,0,0,0,0,0,0,0,0,0,31,0,0,0,27,0,0,0,44,25,0,45,0,0,0,0,0,36,0,0,0,0,0,0,29,0,26,0,0,0,0,46,0,0,0,0,0,0,0,0,0,0,0,0,0,55,0,0,0,0,0,0,0,0
2021-11-12,65,100,38,50,89,77,92,0,79,70,0,33,74,48,29,0,49,20,0,44,47,58,48,48,59,0,0,22,30,69,50,80,38,26,60,27,54,60,34,22,0,46,75,42,0,67,70,19,65,0,21,0,0,0,0,78,0,0,0,24,38,0,0,34,0,0,0,0,0,0,0,0,0,0,39,25,0,38,0,0,49,0,0,14,0,0,0,0,0,0,0,33,24,31,0,0,0,0,0,0,0,0,21,0,0,0,0,55,0,0,0,0,27,0,73,0,0,47,0,0,0,0,21,0,0,21,21,0,0,0,0,0,0,0,0,0,37,0,0,35,78,0,0,33,0,0,0,0,24,0,0,86,0
